question,option1,option2,option3,option4,answer,explanation
"If x + y = 12 and xy = 27, x > y, then the value of (x^3 − y^3) is:",720,702,724,710,2,"(x−y)^2=144−108=36, so x−y=6. Also x²+y²=144−54=90. Thus x³−y³=6(90+27)=702."
"If x² + y² + z² = 133, xy + yz + zx = 114 and xyz = 216, then the value of x³ + y³ + z³ is:",948,999,942,1009,4,"(x+y+z)^2=133+228=361, so x+y+z=19. Then x³+y³+z³=19(133−114)+3×216=361+648=1009."
"If a + 1/a = 3, then (a⁴ + 1/a⁴) is equal to:",77,47,81,27,2,a²+1/a²=3²−2=7. Therefore a⁴+1/a⁴=7²−2=47.
"If x⁴ − 6x² − 1 = 0, then the value of x⁶ − 5x² + 5/x² − 1/x⁶ + 5 is:",219,209,204,239,2,"Dividing by x² gives x²−1/x²=6. Cubing gives x⁶−1/x⁶−3(6)=216, so x⁶−1/x⁶=234. Required value=234−30+5=209."
"If x = 2 − p, then x³ + 6xp + p³ is equal to:",12,6,8,4,3,"x+p=2. Thus (x+p)³=x³+p³+3xp(x+p)=8, so x³+p³+6xp=8."
"If 9a² + 4b² + c² + 21 = 4(3a + b − 2c), then the value of (9a + 4b − c) is:",2,16,6,12,4,"Rearranging gives (3a−2)²+(2b−1)²+(c+4)²=0. Thus a=2/3, b=1/2, c=−4, and 9a+4b−c=12."
"If x² − 3x − 1 = 0, then the value of (x² + 8x − 1)/(x³ + x⁻¹) is:",3/8,8,1,3,3,"From x²−3x−1=0, x−1/x=3. The expression simplifies to (x−1/x+8)/(x²+1/x²)=11/(9+2)=1."
"Select the set of numbers similar to {15, 21, 27}.","{25, 40, 56}","{20, 28, 36}","{40, 55, 75}","{12, 24, 32}",2,The original set has equal gaps: 21−15=6 and 27−21=6. Option 2 also has equal gaps: 28−20=8 and 36−28=8.
BDFH : DWDS :: TVYZ : ____,VEBB,VDWB,UDWA,VEWA,4,"Apply the same letter operations: T→V (+2), V→E (opposite letter), Y→W (−2), Z→A (opposite letter). The answer is VEWA."
8 : 81 :: 10 : ____,100,121,120,111,2,"8+1=9 and 9²=81. Similarly, 10+1=11 and 11²=121."
Memory : Amnesia — select the related word pair.,Cholera : Epidemic,Old age : Senility,Audition : Hearing,Vision : Blindness,4,"Amnesia is loss of memory; blindness is loss of vision. Therefore, option 4 is correct."
